Title,Link
Gaming rewards platform Forge announces new strategic relationships,/news/gaming-rewards-platform-forge-announces-new-strategic-relationships-r2712
Fungies.io Unveils a Web Store Platform & Anticipates $60 Billion Surge in Direct-to-Consumer Revenu,/news/fungiesio-unveils-a-web-store-platform-anticipates-60-billion-surge-in-direct-to-consumer-revenu-r2711
Reward-Based Gaming Platform Forge Launches Season 1 + 300k Registered Users,/news/reward-based-gaming-platform-forge-launches-season-1-300k-registered-users-r2709
"Room 8 Groupâ€™s R&D Unit Unveils REI, an Open Source Tool Enhancing Game Porting and Development",/news/room-8-groups-rd-unit-unveils-rei-an-open-source-tool-enhancing-game-porting-and-development-r2708
Drag[en]gine 1.21 Released,/news/dragengine-121-released-r2706
Khronos Drives Industry Support for Expanded 3D Features with Vulkan Roadmap 2024,/news/khronos-drives-industry-support-for-expanded-3d-features-with-vulkan-roadmap-2024-r2704
Results of the 12th Annual State of the Game Industry Survey Released by GDC,/news/results-of-the-12th-annual-state-of-the-game-industry-survey-released-by-gdc-r2703
Finalists Revealed for the 2024 Game Developers Choice Awards,/news/finalists-revealed-for-the-2024-game-developers-choice-awards-r2702
2024 Independent Games Festival Finalists Revealed,/news/2024-independent-games-festival-finalists-revealed-r2701
New York Videogame Critics Reveal 2024 NY Game Awards Nominees,/news/new-york-videogame-critics-reveal-2024-ny-game-awards-nominees-r2699
"Matali Physics 6.4 Presents an Innovative, Physics-Based Approach to Wayfinding",/news/matali-physics-64-presents-an-innovative-physics-based-approach-to-wayfinding-r2681
"Fanatical and Arcade Origins present the ""Ultimate SFX & Music Bundle"" | 99% OFF | 550 tracks",/news/fanatical-and-arcade-origins-present-the-ultimate-sfx-music-bundle-99-off-550-tracks-r2680
Drag[en]gine 1.20 and DEMoCap 1.1 Released,/news/dragengine-120-and-democap-11-released-r2676
Drope.me Indie Game Awards 2023: Showcase Your Indie Game to the World,/news/dropeme-indie-game-awards-2023-showcase-your-indie-game-to-the-world-r2675
Drag[en]gine 1.19 Released,/news/dragengine-119-released-r2670
Industrial Warehouse - Cinematic Metal Impacts and Textures - Bluezone Corporation,/news/industrial-warehouse-cinematic-metal-impacts-and-textures-bluezone-corporation-r2666
Drag[en]gine 1.18 and DEMoCap 1.0 Released,/news/dragengine-118-and-democap-10-released-r2640
"Drope.me Indie Roadshow: $10,000 grant for indie game devs",/news/dropeme-indie-roadshow-10000-grant-for-indie-game-devs-r2638
Steampunk Machines - Mechanical Sound Effects Released - Bluezone Corporation,/news/steampunk-machines-mechanical-sound-effects-released-bluezone-corporation-r2633
Matali Physics 6.2 Presents Parametric Action Fields For Fully Dynamic And Destructible Scenes,/news/matali-physics-62-presents-parametric-action-fields-for-fully-dynamic-and-destructible-scenes-r2631
